Ma,Kn,Re,T0,Lc_um
0.01,0.0022172110708270918,6.853486592079463,300.0,20
0.02,0.0022175014366086613,13.705178355115812,300.0,20
0.03,0.0022179854137587547,20.553281709781903,300.0,20
0.04,0.00221866305354361,27.396005574534502,300.0,20
0.05,0.002219534427725993,34.23156261038984,300.0,20
0.060000000000000005,0.0022205996285552415,41.05817046076914,300.0,20
0.06999999999999999,0.0022218587687544604,47.87405298478731,300.0,20
0.08,0.00222331198150488,54.67744148237171,300.0,20
0.09,0.0022249594204273833,61.466575909614924,300.0,20
0.09999999999999999,0.0022268012595611955,68.23970608278715,300.0,20
0.11,0.0022288376933397593,74.99509286945622,300.0,20
0.12,0.0022310689365637837,81.73100936519195,300.0,20
0.13,0.00223349522437148,88.445742054361,300.0,20
0.14,0.002236116812206001,95.13759195355142,300.0,20
0.15000000000000002,0.0022389339757800763,101.80487573620333,300.0,20
0.16,0.002241947011037859,108.4459268370604,300.0,20
0.17,0.0022451562341140084,115.05909653509835,300.0,20
0.18000000000000002,0.0022485619812899794,121.64275501363257,300.0,20
0.19,0.0022521646089475834,128.19529239635094,300.0,20
0.2,0.002255964493519778,134.71511975807078,300.0,20
0.21000000000000002,0.002259962031438743,141.20067010906578,300.0,20
0.22,0.002264157639081225,147.65039935186542,300.0,20
0.23,0.002268551752711178,154.06278720948362,300.0,20
0.24000000000000002,0.0022731448284197117,160.43633812408802,300.0,20
0.25,0.0022779373420623627,166.76958212518312,300.0,20
0.26,0.002282929789193705,173.0610756664367,300.0,20
0.27,0.002288122684999308,179.30940243034294,300.0,20
0.28,0.0022935165642250788,185.5131740999741,300.0,20
0.29000000000000004,0.0022991119811039797,191.6710310971387,300.0,20
0.3,0.0023049095092801592,197.78164328632576,300.0,20
0.31,0.0023109097417305146,203.8437106438773,300.0,20
0.32,0.002317113290683684,209.8559638918996,300.0,20
0.33,0.0023235207875365203,215.81716509648305,300.0,20
0.34,0.0023301328827680544,221.72610822986763,300.0,20
0.35000000000000003,0.0023369502458509325,227.58161969625937,300.0,20
0.36000000000000004,0.0023439735651604376,233.38255882105355,300.0,20
0.37,0.002351203547881011,239.1278183033039,300.0,20
0.38,0.0023586409199103904,244.81632463132007,300.0,20
0.39,0.002366286425761317,250.44703846135266,300.0,20
0.4,0.002374140828460889,256.0189549593764,300.0,20
0.41000000000000003,0.0023822049094475452,261.5311041060496,300.0,20
0.42000000000000004,0.002390479468465747,266.98255096497894,300.0,20
0.43,0.002398965323458332,272.37239591448594,300.0,20
0.44,0.002407663310456625,277.6997748431174,300.0,20
0.45,0.0024165742834682765,282.9638593092061,300.0,20
0.46,0.002425699114362906,288.1638566648337,300.0,20
0.47000000000000003,0.0024350386927555426,293.29901014460364,300.0,20
0.48000000000000004,0.0024445939258879064,298.36859891967964,300.0,20
0.49,0.002454365738507572,303.37193811759215,300.0,20
0.5,0.0024643550727450124,308.30837880836333,300.0,20
0.51,0.0024745628879885807,313.17730795754215,300.0,20
0.52,0.0024849901607574645,317.97814834678104,300.0,20
0.53,0.002495637884572606,322.71035846263266,300.0,20
0.54,0.002506507069825666,327.37343235427136,300.0,20
0.55,0.0025175987436460395,331.9668994608866,300.0,20
0.56,0.002528913949765953,336.49032440952664,300.0,20
0.5700000000000001,0.002540453748383691,340.94330678419794,300.0,20
0.5800000000000001,0.0025522192160249762,345.32548086705776,300.0,20
0.59,0.0025642114454025276,349.63651535256105,300.0,20
0.6,0.0025764315452738665,353.8761130354435,300.0,20
0.61,0.002588880640297353,358.04401047345135,300.0,20
0.62,0.002601559870886538,362.1399776257364,300.0,20
0.63,0.0026144703930628265,366.1638174678627,300.0,20
0.64,0.002627613378306523,370.1153655843744,300.0,20
0.65,0.0026409900134062602,373.994489739896,300.0,20
0.66,0.00265460150030688,377.801089429739,300.0,20
0.67,0.002668449055955782,381.53509541100016,300.0,20
0.68,0.0026825339121477752,385.1964692151425,300.0,20
0.6900000000000001,0.0026968573153685004,388.7852026430484,300.0,20
0.7000000000000001,0.0027114205266364185,392.30131724354504,300.0,20
0.7100000000000001,0.002726224821343428,395.74486377639334,300.0,20
0.72,0.0027412714890941493,399.11592166073274,300.0,20
0.73,0.0027565618335439134,402.4145984099699,300.0,20
0.74,0.002772097172235477,405.6410290540958,300.0,20
0.75,0.0027878788364345225,408.7953755504031,300.0,20
0.76,0.0028039081709639877,411.87782618356937,300.0,20
0.77,0.002820186534037228,414.8885949560644,300.0,20
0.78,0.0028367152970900935,417.8279209698212,300.0,20
0.79,0.0028534958446119326,420.6960678001003,300.0,20
0.8,0.002870529573975575,423.4933228624641,300.0,20
0.81,0.0028878178952663237,426.2199967737581,300.0,20
0.8200000000000001,0.0029053622311100103,428.8764227079801,300.0,20
0.8300000000000001,0.002923164016500132,431.46295574790366,300.0,20
0.8400000000000001,0.002941224698624135,433.9799722332952,300.0,20
0.85,0.0029595457366888662,436.42786910655377,300.0,20
0.86,0.002978128601745242,438.80706325657223,300.0,20
0.87,0.0029969747765121657,441.1179908616052,300.0,20
0.88,0.003016085755199742,443.36110673190086,300.0,20
0.89,0.0030354630433318368,445.53688365283017,300.0,20
0.9,0.003055108157567991,447.6458117292333,300.0,20
0.91,0.0030750226255247693,449.68839773166445,300.0,20
0.92,0.0030952079855965505,451.6651644452036,300.0,20
0.93,0.0031156657867758165,453.57665002147456,300.0,20
0.9400000000000001,0.0031363975884729747,455.4234073344838,300.0,20
0.9500000000000001,0.003157404960335763,457.20600334086737,300.0,20
0.9600000000000001,0.0031786894820682522,458.92501844511565,300.0,20
0.97,0.0032002527432495103,460.58104587031096,300.0,20
0.98,0.0032220963431519732,462.1746910348908,300.0,20
0.99,0.0032442218905595153,463.7065709359317,300.0,20
1.0,0.0032666310035853277,465.1773135394077,300.0,20
1.01,0.0032893253094895747,466.5875571778712,300.0,20
1.02,0.0033123064444969185,467.937949955962,300.0,20
1.03,0.0033355760536139304,469.2291491641366,300.0,20
1.04,0.003359135790446407,470.4618207009842,300.0,20
1.05,0.0033829873170166825,471.63663850446295,300.0,20
1.06,0.0034071323035809132,472.75428399238024,300.0,20
1.07,0.003431572428446411,473.8154455124067,300.0,20
1.08,0.0034563093777890646,474.82081780189174,300.0,20
1.09,0.0034813448454708512,475.7711014577349,300.0,20
1.1,0.003506680532857515,476.6670024165319,300.0,20
1.11,0.0035323181486364304,477.50923144520243,300.0,20
1.12,0.0035582594086346784,478.2985036422842,300.0,20
1.1300000000000001,0.0035845060356373836,479.03553795005394,300.0,20
1.1400000000000001,0.0036110597592063512,479.7210566776173,300.0,20
1.1500000000000001,0.003637922315499033,480.3557850350917,300.0,20
1.1600000000000001,0.003665095447087843,480.9404506789896,300.0,20
1.17,0.0036925809027798765,481.4757832688839,300.0,20
1.18,0.003720380437437079,481.9625140354246,300.0,20
1.19,0.003748495811796847,482.4013753597631,300.0,20
1.2,0.003776928792293161,482.79310036441336,300.0,20
1.21,0.0038056811508782097,483.1384225155755,300.0,20
1.22,0.0038347546648446265,483.43807523691873,300.0,20
1.23,0.0038641511166482745,483.69279153482245,300.0,20
1.24,0.0038938722937316922,483.90330363504313,300.0,20
1.25,0.0039239199883481695,484.0703426307769,300.0,20
1.26,0.003954295997386539,484.1946381420612,300.0,20
1.27,0.003985002122196666,484.276917986459,300.0,20
1.28,0.004016040168415686,484.31790786095024,300.0,20
1.29,0.004047411945795035,484.31833103494415,300.0,20
1.3,0.0040791192680282775,484.2789080543199,300.0,20
1.31,0.004111163952579754,484.200356456394,300.0,20
1.32,0.004143547820514117,484.0833904956943,300.0,20
1.33,0.004176272696326735,483.9287208804253,300.0,20
1.34,0.004209340407775019,483.737054519492,300.0,20
1.35,0.004242752785710699,483.50909427994395,300.0,20
1.36,0.004276511663913045,483.2455387546987,300.0,20
1.37,0.004310618878923116,482.94708204039,300.0,20
1.3800000000000001,0.004345076269878984,482.6144135251885,300.0,20
1.3900000000000001,0.004379885678352033,482.2482176864288,300.0,20
1.4000000000000001,0.00441504894818432,481.84917389787745,300.0,20
1.4100000000000001,0.004450567925326993,481.417956246474,300.0,20
1.42,0.004486444457679861,480.9552333583635,300.0,20
1.43,0.0045226803949320665,480.46166823404667,300.0,20
1.44,0.00455927758840393,479.9379180924616,300.0,20
1.45,0.004596237890889962,479.38463422381534,300.0,20
1.46,0.00463356315650306,478.8024618509769,300.0,20
1.47,0.0046712552405199425,478.19203999924014,300.0,20
1.48,0.004709315999227804,477.5540013742677,300.0,20
1.49,0.004747747289772215,476.88897224802537,300.0,20
1.5,0.004786550970006316,476.19757235250654,300.0,20
1.51,0.004825728898341279,475.48041478106165,300.0,20
1.52,0.00486528293359808,474.73810589713116,300.0,20
1.53,0.004905214934860616,473.97124525018967,300.0,20
1.54,0.004945526761330103,473.1804254987105,300.0,20
1.55,0.004986220272180904,472.36623233994754,300.0,20
1.56,0.005027297326417675,471.5292444463506,300.0,20
1.57,0.005068759782733882,470.67003340841933,300.0,20
1.58,0.005110609499371775,469.7891636837965,300.0,20
1.59,0.005152848333983712,468.8871925524236,300.0,20
1.6,0.005195478143494928,467.9646700775603,300.0,20
1.61,0.005238500783967761,467.022139072483,300.0,20
1.62,0.005281918110467273,466.0601350726827,300.0,20
1.6300000000000001,0.005325731976928373,465.0791863133714,300.0,20
1.6400000000000001,0.005369944236024401,464.0798137121195,300.0,20
1.6500000000000001,0.005414556739037161,463.0625308564505,300.0,20
1.6600000000000001,0.005459571335728476,462.02784399620725,300.0,20
1.6700000000000002,0.005504989874213221,460.9762520405237,300.0,20
1.68,0.0055508142008338585,459.90824655922904,300.0,20
1.69,0.0055970461600365114,458.824311788513,300.0,20
1.7,0.00564368759424852,457.7249246406926,300.0,20
1.71,0.005690740343757543,456.6105547179131,300.0,20
1.72,0.0057382062465922016,455.4816643296243,300.0,20
1.73,0.005786087138404255,454.33870851367703,300.0,20
1.74,0.00583438485235231,453.1821350608857,300.0,20
1.75,0.0058831012189870975,452.01238454290575,300.0,20
1.76,0.005932238066138292,450.82989034327994,300.0,20
1.77,0.005981797218802894,449.63507869150766,300.0,20
1.78,0.006031780499035174,448.42836869999826,300.0,20
1.79,0.006082189725838175,447.21017240376983,300.0,20
1.8,0.006133026715056798,445.98089480275826,300.0,20
1.81,0.006184293279272435,444.7409339066069,300.0,20
1.82,0.006235991227699187,443.4906807818086,300.0,20
1.83,0.006288122366081662,442.2305196010731,300.0,20
1.84,0.006340688496594318,440.9608276948029,300.0,20
1.85,0.006393691417742417,439.68197560455434,300.0,20
1.86,0.006447132924264519,438.39432713837283,300.0,20
1.87,0.006501014807036562,437.09823942788876,300.0,20
1.8800000000000001,0.006555338852977531,435.7940629870644,300.0,20
1.8900000000000001,0.006610106844956665,434.48214177248946,300.0,20
1.9000000000000001,0.006665320561702265,433.16281324511874,300.0,20
1.9100000000000001,0.006720981777712031,431.8364084333584,300.0,20
1.9200000000000002,0.006777092263165016,430.50325199739655,300.0,20
1.93,0.006833653783835087,429.1636622946939,300.0,20
1.94,0.006890668101005989,427.81795144653717,300.0,20
1.95,0.006948136971387932,426.46642540557167,300.0,20
1.96,0.007006062147035757,425.1093840242278,300.0,20
1.97,0.007064445375268612,423.74712112396077,300.0,20
1.98,0.007123288398591206,422.3799245652223,300.0,20
1.99,0.007182592954616595,421.0080763180903,300.0,20
2.0,0.007242360775990464,419.6318525334847,300.0,20
2.01,0.007302593590316991,418.25152361489495,300.0,20
2.02,0.0073632931200861935,416.8673542905542,300.0,20
2.03,0.0074244610826027764,415.479603685995,300.0,20
2.04,0.007486099189916544,414.0885253969199,300.0,20
2.05,0.007548209148754257,412.69436756233137,300.0,20
2.0599999999999996,0.0076107926604530056,411.2973729378597,300.0,20
2.07,0.007673851420895073,409.8977789692338,300.0,20
2.0799999999999996,0.007737387120444281,408.4958178658412,300.0,20
2.09,0.007801401443883757,407.0917166743301,300.0,20
2.0999999999999996,0.007865896070355264,405.68569735219427,300.0,20
2.11,0.00793087267329987,404.2779768413076,300.0,20
2.1199999999999997,0.007996332920400136,402.86876714135167,300.0,20
2.13,0.008062278473523749,401.45827538309936,300.0,20
2.1399999999999997,0.008128710988668495,400.0467039015147,300.0,20
2.15,0.008195632115908775,398.6342503086242,300.0,20
2.1599999999999997,0.0082630434993434,397.22110756613074,300.0,20
2.17,0.008330946777044906,395.80746405772544,300.0,20
2.1799999999999997,0.008399343581010157,394.39350366107413,300.0,20
2.19,0.008468235537112387,392.9794058194377,300.0,20
2.1999999999999997,0.008537624265054583,391.56534561290204,300.0,20
2.21,0.008607511378324254,390.15149382918565,300.0,20
2.2199999999999998,0.008677898484149498,388.7380170340015,300.0,20
2.23,0.008748787183456445,387.3250776409444,300.0,20
2.2399999999999998,0.008820179070828018,385.91283398088063,300.0,20
2.25,0.008892075734464001,384.5014403708188,300.0,20
2.26,0.008964478756142405,383.09104718223995,300.0,20
2.27,0.00903738971118212,381.68180090886756,300.0,20
2.28,0.009110810168406886,380.2738442338553,300.0,20
2.29,0.009184741690110469,378.8673160963829,300.0,20
2.3,0.009259185832023125,377.462351757636,300.0,20
2.31,0.00933414414327933,376.05908286615926,300.0,20
2.32,0.009409618166386705,374.6576375225679,300.0,20
2.3299999999999996,0.009485609437196145,373.2581403436072,300.0,20
2.34,0.009562119484873234,371.8607125255417,300.0,20
2.3499999999999996,0.009639149831870742,370.465471906873,300.0,20
2.36,0.009716701993902411,369.07253303036634,300.0,20
2.3699999999999997,0.00979477747991782,367.68200720438557,300.0,20
2.38,0.00987337779207849,366.29400256352216,300.0,20
2.3899999999999997,0.009952504425735054,364.908624128516,300.0,20
2.4,0.010032158869405592,363.52597386545887,300.0,20
2.4099999999999997,0.010112342604755114,362.1461507442742,300.0,20
2.42,0.010193057106576106,360.76925079647197,300.0,20
2.4299999999999997,0.010274303842770153,359.39536717217226,300.0,20
2.44,0.010356084274330723,358.0245901963927,300.0,20
2.4499999999999997,0.010438399855326888,356.657007424602,300.0,20
2.46,0.010521252032888246,355.2927036975311,300.0,20
2.4699999999999998,0.010604642247190767,353.9317611952455,300.0,20
2.48,0.010688571931443703,352.5742594904767,300.0,20
2.4899999999999998,0.010773042511877518,351.2202756012107,300.0,20
2.5,0.010858055407732827,349.8698840425351,300.0,20
2.51,0.0109436120312503,348.52315687774524,300.0,20
2.52,0.011029713787661547,347.1801637687116,300.0,20
2.53,0.011116362075180944,345.84097202550845,300.0,20
2.54,0.01120355828499848,344.5056466553048,300.0,20
2.55,0.011291303801273404,343.17425041052593,300.0,20
2.56,0.011379600001128953,341.84684383627877,300.0,20
2.57,0.01146844825464785,340.52348531705394,300.0,20
2.5799999999999996,0.011557849924868762,339.20423112270254,300.0,20
2.59,0.011647806367783667,337.8891354536908,300.0,20
2.5999999999999996,0.011738318932335986,336.5782504856425,300.0,20
2.61,0.011829388960419702,335.2716264131661,300.0,20
2.6199999999999997,0.011921017786879174,333.96931149297853,300.0,20
2.63,0.012013206739509959,332.6713520863235,300.0,20
2.6399999999999997,0.012105957139060257,331.3777927006972,300.0,20
2.65,0.01219927029923331,330.0886760308799,300.0,20
2.6599999999999997,0.012293147526690485,328.80404299928415,300.0,20
2.67,0.012387590121055243,327.5239327956218,300.0,20
2.6799999999999997,0.012482599374917705,326.2483829159004,300.0,20
2.69,0.01257817657384021,324.97742920074717,300.0,20
2.6999999999999997,0.012674322996363351,323.7111058730791,300.0,20
2.71,0.012771039914012927,322.4494455751126,300.0,20
2.7199999999999998,0.012868328591307524,321.1924794047288,300.0,20
2.73,0.012966190285766805,319.9402369511976,300.0,20
2.7399999999999998,0.01306462624792051,318.69274633026646,300.0,20
2.75,0.013163637721318105,317.45003421862356,300.0,20
2.76,0.01326322594253912,316.21212588774,300.0,20
2.77,0.013363392141204116,314.97904523710037,300.0,20
2.78,0.01346413753998629,313.75081482682685,300.0,20
2.79,0.013565463354623754,312.5274559097047,300.0,20
2.8,0.013667370793932336,311.3089884626187,300.0,20
2.81,0.013769861059819094,310.0954312174037,300.0,20
2.82,0.013872935347296306,308.88680169112126,300.0,20
2.8299999999999996,0.01397659484449616,307.68311621576566,300.0,20
2.84,0.01408084073268593,306.4843899674102,300.0,20
2.8499999999999996,0.014185674186283682,305.2906369947997,300.0,20
2.86,0.01429109637287462,304.10187024739645,300.0,20
2.8699999999999997,0.014397108453227914,302.91810160288713,300.0,20
2.88,0.014503711581314024,301.73934189416013,300.0,20
2.8899999999999997,0.014610906904322563,300.5656009357579,300.0,20
2.9,0.014718695562680677,299.3968875498138,300.0,20
2.9099999999999997,0.01482707869007185,298.23320959148054,300.0,20
2.92,0.014936057413455297,297.07457397385673,300.0,20
2.9299999999999997,0.015045632853085671,295.92098669242125,300.0,20
2.94,0.015155806122533347,294.77245284898004,300.0,20
2.9499999999999997,0.015266578328705123,293.6289766751343,300.0,20
2.96,0.01537795057186532,292.49056155527774,300.0,20
2.9699999999999998,0.015489923945657326,291.357210049129,300.0,20
2.98,0.015602499537125588,290.22892391380753,300.0,20
2.9899999999999998,0.015715678426737913,289.1057041254598,300.0,20
3.0,0.015829461688408295,287.98755090044233,300.0,20
0.01,0.0011086055354135459,13.706973184158926,300.0,40
0.02,0.0011087507183043307,27.410356710231625,300.0,40
0.03,0.0011089927068793773,41.106563419563805,300.0,40
0.04,0.001109331526771805,54.792011149069005,300.0,40
0.05,0.0011097672138629965,68.46312522077967,300.0,40
0.060000000000000005,0.0011102998142776207,82.11634092153828,300.0,40
0.06999999999999999,0.0011109293843772302,95.74810596957462,300.0,40
0.08,0.00111165599075244,109.35488296474342,300.0,40
0.09,0.0011124797102136917,122.93315181922985,300.0,40
0.09999999999999999,0.0011134006297805977,136.4794121655743,300.0,40
0.11,0.0011144188466698797,149.99018573891243,300.0,40
0.12,0.0011155344682818918,163.4620187303839,300.0,40
0.13,0.00111674761218574,176.891484108722,300.0,40
0.14,0.0011180584061030005,190.27518390710284,300.0,40
0.15000000000000002,0.0011194669878900382,203.60975147240666,300.0,40
0.16,0.0011209735055189296,216.8918536741208,300.0,40
0.17,0.0011225781170570042,230.1181930701967,300.0,40
0.18000000000000002,0.0011242809906449897,243.28551002726513,300.0,40
0.19,0.0011260823044737917,256.3905847927019,300.0,40
0.2,0.001127982246759889,269.43023951614157,300.0,40
0.21000000000000002,0.0011299810157193715,282.40134021813157,300.0,40
0.22,0.0011320788195406126,295.30079870373083,300.0,40
0.23,0.001134275876355589,308.12557441896723,300.0,40
0.24000000000000002,0.0011365724142098558,320.87267624817605,300.0,40
0.25,0.0011389686710311813,333.53916425036624,300.0,40
0.26,0.0011414648945968526,346.1221513328734,300.0,40
0.27,0.001144061342499654,358.6188048606859,300.0,40
0.28,0.0011467582821125394,371.0263481999482,300.0,40
0.29000000000000004,0.0011495559905519898,383.3420621942774,300.0,40
0.3,0.0011524547546400796,395.5632865726515,300.0,40
0.31,0.0011554548708652573,407.6874212877546,300.0,40
0.32,0.001158556645341842,419.7119277837992,300.0,40
0.33,0.0011617603937682601,431.6343301929661,300.0,40
0.34,0.0011650664413840272,443.45221645973527,300.0,40
0.35000000000000003,0.0011684751229254662,455.16323939251873,300.0,40
0.36000000000000004,0.0011719867825802188,466.7651176421071,300.0,40
0.37,0.0011756017739405055,478.2556366066078,300.0,40
0.38,0.0011793204599551952,489.63264926264014,300.0,40
0.39,0.0011831432128806584,500.8940769227053,300.0,40
0.4,0.0011870704142304446,512.0379099187528,300.0,40
0.41000000000000003,0.0011911024547237726,523.0622082120992,300.0,40
0.42000000000000004,0.0011952397342328736,533.9651019299579,300.0,40
0.43,0.001199482661729166,544.7447918289719,300.0,40
0.44,0.0012038316552283124,555.3995496862348,300.0,40
0.45,0.0012082871417341383,565.9277186184122,300.0,40
0.46,0.001212849557181453,576.3277133296674,300.0,40
0.47000000000000003,0.0012175193463777713,586.5980202892073,300.0,40
0.48000000000000004,0.0012222969629439532,596.7371978393593,300.0,40
0.49,0.001227182869253786,606.7438762351843,300.0,40
0.5,0.0012321775363725062,616.6167576167267,300.0,40
0.51,0.0012372814439942903,626.3546159150843,300.0,40
0.52,0.0012424950803787322,635.9562966935621,300.0,40
0.53,0.001247818942286303,645.4207169252653,300.0,40
0.54,0.001253253534912833,654.7468647085427,300.0,40
0.55,0.0012587993718230198,663.9337989217732,300.0,40
0.56,0.0012644569748829766,672.9806488190533,300.0,40
0.5700000000000001,0.0012702268741918456,681.8866135683959,300.0,40
0.5800000000000001,0.0012761096080124881,690.6509617341155,300.0,40
0.59,0.0012821057227012638,699.2730307051221,300.0,40
0.6,0.0012882157726369333,707.752226070887,300.0,40
0.61,0.0012944403201486764,716.0880209469027,300.0,40
0.62,0.001300779935443269,724.2799552514728,300.0,40
0.63,0.0013072351965314132,732.3276349357254,300.0,40
0.64,0.0013138066891532614,740.2307311687488,300.0,40
0.65,0.0013204950067031301,747.988979479792,300.0,40
0.66,0.00132730075015344,755.602178859478,300.0,40
0.67,0.001334224527977891,763.0701908220003,300.0,40
0.68,0.0013412669560738876,770.392938430285,300.0,40
0.6900000000000001,0.0013484286576842502,777.5704052860968,300.0,40
0.7000000000000001,0.0013557102633182092,784.6026344870901,300.0,40
0.7100000000000001,0.001363112410671714,791.4897275527867,300.0,40
0.72,0.0013706357445470746,798.2318433214655,300.0,40
0.73,0.0013782809167719567,804.8291968199399,300.0,40
0.74,0.0013860485861177385,811.2820581081916,300.0,40
0.75,0.0013939394182172612,817.5907511008062,300.0,40
0.76,0.0014019540854819938,823.7556523671387,300.0,40
0.77,0.001410093267018614,829.7771899121288,300.0,40
0.78,0.0014183576485450467,835.6558419396424,300.0,40
0.79,0.0014267479223059663,841.3921356002006,300.0,40
0.8,0.0014352647869877876,846.9866457249282,300.0,40
0.81,0.0014439089476331619,852.4399935475162,300.0,40
0.8200000000000001,0.0014526811155550052,857.7528454159602,300.0,40
0.8300000000000001,0.001461582008250066,862.9259114958073,300.0,40
0.8400000000000001,0.0014706123493120676,867.9599444665904,300.0,40
0.85,0.0014797728683444331,872.8557382131075,300.0,40
0.86,0.001489064300872621,877.6141265131445,300.0,40
0.87,0.0014984873882560828,882.2359817232104,300.0,40
0.88,0.001508042877599871,886.7222134638017,300.0,40
0.89,0.0015177315216659184,891.0737673056603,300.0,40
0.9,0.0015275540787839956,895.2916234584666,300.0,40
0.91,0.0015375113127623847,899.3767954633289,300.0,40
0.92,0.0015476039927982753,903.3303288904071,300.0,40
0.93,0.0015578328933879082,907.1533000429491,300.0,40
0.9400000000000001,0.0015681987942364874,910.8468146689676,300.0,40
0.9500000000000001,0.0015787024801678816,914.4120066817347,300.0,40
0.9600000000000001,0.0015893447410341261,917.8500368902313,300.0,40
0.97,0.0016001263716247552,921.1620917406219,300.0,40
0.98,0.0016110481715759866,924.3493820697817,300.0,40
0.99,0.0016221109452797576,927.4131418718634,300.0,40
1.0,0.0016333155017926638,930.3546270788154,300.0,40
1.01,0.0016446626547447873,933.1751143557424,300.0,40
1.02,0.0016561532222484593,935.875899911924,300.0,40
1.03,0.0016677880268069652,938.4582983282731,300.0,40
1.04,0.0016795678952232036,940.9236414019684,300.0,40
1.05,0.0016914936585083412,943.2732770089259,300.0,40
1.06,0.0017035661517904566,945.5085679847605,300.0,40
1.07,0.0017157862142232055,947.6308910248134,300.0,40
1.08,0.0017281546888945323,949.6416356037835,300.0,40
1.09,0.0017406724227354256,951.5422029154698,300.0,40
1.1,0.0017533402664287575,953.3340048330638,300.0,40
1.11,0.0017661590743182152,955.0184628904049,300.0,40
1.12,0.0017791297043173392,956.5970072845683,300.0,40
1.1300000000000001,0.0017922530178186918,958.0710759001079,300.0,40
1.1400000000000001,0.0018055298796031756,959.4421133552346,300.0,40
1.1500000000000001,0.0018189611577495166,960.7115700701834,300.0,40
1.1600000000000001,0.0018325477235439215,961.8809013579792,300.0,40
1.17,0.0018462904513899382,962.9515665377678,300.0,40
1.18,0.0018601902187185394,963.9250280708492,300.0,40
1.19,0.0018742479058984234,964.8027507195262,300.0,40
1.2,0.0018884643961465805,965.5862007288267,300.0,40
1.21,0.0019028405754391048,966.276845031151,300.0,40
1.22,0.0019173773324223133,966.8761504738375,300.0,40
1.23,0.0019320755583241373,967.3855830696449,300.0,40
1.24,0.0019469361468658461,967.8066072700863,300.0,40
1.25,0.0019619599941740847,968.1406852615538,300.0,40
1.26,0.0019771479986932694,968.3892762841224,300.0,40
1.27,0.001992501061098333,968.553835972918,300.0,40
1.28,0.002008020084207843,968.6358157219005,300.0,40
1.29,0.0020237059728975175,968.6366620698883,300.0,40
1.3,0.0020395596340141387,968.5578161086398,300.0,40
1.31,0.002055581976289877,968.400712912788,300.0,40
1.32,0.0020717739102570584,968.1667809913886,300.0,40
1.33,0.0020881363481633675,967.8574417608506,300.0,40
1.34,0.0021046702038875096,967.474109038984,300.0,40
1.35,0.0021213763928553493,967.0181885598879,300.0,40
1.36,0.0021382558319565227,966.4910775093974,300.0,40
1.37,0.002155309439461558,965.89416408078,300.0,40
1.3800000000000001,0.002172538134939492,965.228827050377,300.0,40
1.3900000000000001,0.0021899428391760167,964.4964353728576,300.0,40
1.4000000000000001,0.00220752447409216,963.6983477957549,300.0,40
1.4100000000000001,0.0022252839626634964,962.835912492948,300.0,40
1.42,0.0022432222288399305,961.910466716727,300.0,40
1.43,0.0022613401974660332,960.9233364680933,300.0,40
1.44,0.002279638794201965,959.8758361849232,300.0,40
1.45,0.002298118945444981,958.7692684476307,300.0,40
1.46,0.00231678157825153,957.6049237019538,300.0,40
1.47,0.0023356276202599713,956.3840799984803,300.0,40
1.48,0.002354657999613902,955.1080027485355,300.0,40
1.49,0.0023738736448861075,953.7779444960507,300.0,40
1.5,0.002393275485003158,952.3951447050131,300.0,40
1.51,0.0024128644491706393,950.9608295621233,300.0,40
1.52,0.00243264146679904,949.4762117942623,300.0,40
1.53,0.002452607467430308,947.9424905003793,300.0,40
1.54,0.0024727633806650513,946.360850997421,300.0,40
1.55,0.002493110136090452,944.7324646798951,300.0,40
1.56,0.0025136486632088375,943.0584888927012,300.0,40
1.57,0.002534379891366941,941.3400668168387,300.0,40
1.58,0.0025553047496858876,939.578327367593,300.0,40
1.59,0.002576424166991856,937.7743851048472,300.0,40
1.6,0.002597739071747464,935.9293401551206,300.0,40
1.61,0.0026192503919838803,934.044278144966,300.0,40
1.62,0.0026409590552336367,932.1202701453655,300.0,40
1.6300000000000001,0.0026628659884641863,930.1583726267428,300.0,40
1.6400000000000001,0.0026849721180122006,928.159627424239,300.0,40
1.6500000000000001,0.0027072783695185807,926.125061712901,300.0,40
1.6600000000000001,0.002729785667864238,924.0556879924145,300.0,40
1.6700000000000002,0.0027524949371066105,921.9525040810474,300.0,40
1.68,0.0027754071004169292,919.8164931184581,300.0,40
1.69,0.0027985230800182557,917.648623577026,300.0,40
1.7,0.00282184379712426,915.4498492813852,300.0,40
1.71,0.0028453701718787715,913.2211094358262,300.0,40
1.72,0.0028691031232961008,910.9633286592486,300.0,40
1.73,0.0028930435692021274,908.6774170273541,300.0,40
1.74,0.002917192426176155,906.3642701217714,300.0,40
1.75,0.0029415506094935488,904.0247690858115,300.0,40
1.76,0.002966119033069146,901.6597806865599,300.0,40
1.77,0.002990898609401447,899.2701573830153,300.0,40
1.78,0.003015890249517587,896.8567373999965,300.0,40
1.79,0.0030410948629190876,894.4203448075397,300.0,40
1.8,0.003066513357528399,891.9617896055165,300.0,40
1.81,0.0030921466396362173,889.4818678132139,300.0,40
1.82,0.0031179956138495937,886.9813615636172,300.0,40
1.83,0.003144061183040831,884.4610392021463,300.0,40
1.84,0.003170344248297159,881.9216553896058,300.0,40
1.85,0.0031968457088712085,879.3639512091087,300.0,40
1.86,0.0032235664621322593,876.7886542767457,300.0,40
1.87,0.003250507403518281,874.1964788557775,300.0,40
1.8800000000000001,0.0032776694264887653,871.5881259741288,300.0,40
1.8900000000000001,0.0033050534224783323,868.9642835449789,300.0,40
1.9000000000000001,0.0033326602808511326,866.3256264902375,300.0,40
1.9100000000000001,0.0033604908888560155,863.6728168667167,300.0,40
1.9200000000000002,0.003388546131582508,861.0065039947931,300.0,40
1.93,0.0034168268919175437,858.3273245893878,300.0,40
1.94,0.0034453340505029946,855.6359028930743,300.0,40
1.95,0.003474068485693966,852.9328508111433,300.0,40
1.96,0.0035030310735178786,850.2187680484556,300.0,40
1.97,0.003532222687634306,847.4942422479215,300.0,40
1.98,0.003561644199295603,844.7598491304446,300.0,40
1.99,0.0035912964773082974,842.0161526361805,300.0,40
2.0,0.003621180387995232,839.2637050669694,300.0,40
2.01,0.0036512967951584955,836.5030472297899,300.0,40
2.02,0.0036816465600430968,833.7347085811084,300.0,40
2.03,0.0037122305413013882,830.95920737199,300.0,40
2.04,0.003743049594958272,828.1770507938398,300.0,40
2.05,0.0037741045743771287,825.3887351246627,300.0,40
2.0599999999999996,0.0038053963302265028,822.5947458757194,300.0,40
2.07,0.0038369257104475364,819.7955579384676,300.0,40
2.0799999999999996,0.0038686935602221407,816.9916357316824,300.0,40
2.09,0.0039007007219418787,814.1834333486602,300.0,40
2.0999999999999996,0.003932948035177632,811.3713947043885,300.0,40
2.11,0.003965436336649935,808.5559536826152,300.0,40
2.1199999999999997,0.003998166460200068,805.7375342827033,300.0,40
2.13,0.004031139236761874,802.9165507661987,300.0,40
2.1399999999999997,0.0040643554943342475,800.0934078030294,300.0,40
2.15,0.004097816057954388,797.2685006172484,300.0,40
2.1599999999999997,0.0041315217496717,794.4422151322615,300.0,40
2.17,0.004165473388522453,791.6149281154509,300.0,40
2.1799999999999997,0.004199671790505078,788.7870073221483,300.0,40
2.19,0.004234117768556193,785.9588116388754,300.0,40
2.1999999999999997,0.0042688121325272915,783.1306912258041,300.0,40
2.21,0.004303755689162127,780.3029876583713,300.0,40
2.2199999999999998,0.004338949242074749,777.476034068003,300.0,40
2.23,0.004374393591728223,774.6501552818888,300.0,40
2.2399999999999998,0.004410089535414009,771.8256679617613,300.0,40
2.25,0.0044460378672320005,769.0028807416376,300.0,40
2.26,0.004482239378071203,766.1820943644799,300.0,40
2.27,0.00451869485559106,763.3636018177351,300.0,40
2.28,0.004555405084203443,760.5476884677106,300.0,40
2.29,0.004592370845055234,757.7346321927658,300.0,40
2.3,0.004629592916011563,754.924703515272,300.0,40
2.31,0.004667072071639665,752.1181657323185,300.0,40
2.32,0.004704809083193352,749.3152750451358,300.0,40
2.3299999999999996,0.004742804718598072,746.5162806872144,300.0,40
2.34,0.004781059742436617,743.7214250510834,300.0,40
2.3499999999999996,0.004819574915935371,740.930943813746,300.0,40
2.36,0.004858350996951206,738.1450660607327,300.0,40
2.3699999999999997,0.00489738873995891,735.3640144087711,300.0,40
2.38,0.004936688896039245,732.5880051270443,300.0,40
2.3899999999999997,0.004976252212867527,729.817248257032,300.0,40
2.4,0.005016079434702796,727.0519477309177,300.0,40
2.4099999999999997,0.005056171302377557,724.2923014885484,300.0,40
2.42,0.005096528553288053,721.5385015929439,300.0,40
2.4299999999999997,0.005137151921385076,718.7907343443445,300.0,40
2.44,0.005178042137165361,716.0491803927854,300.0,40
2.4499999999999997,0.005219199927663444,713.314014849204,300.0,40
2.46,0.005260626016444123,710.5854073950622,300.0,40
2.4699999999999998,0.0053023211235953835,707.863522390491,300.0,40
2.48,0.005344285965721851,705.1485189809534,300.0,40
2.4899999999999998,0.005386521255938759,702.4405512024214,300.0,40
2.5,0.005429027703866413,699.7397680850702,300.0,40
2.51,0.00547180601562515,697.0463137554905,300.0,40
2.52,0.0055148568938307736,694.3603275374232,300.0,40
2.53,0.005558181037590472,691.6819440510169,300.0,40
2.54,0.00560177914249924,689.0112933106096,300.0,40
2.55,0.005645651900636702,686.3485008210519,300.0,40
2.56,0.0056898000005644765,683.6936876725575,300.0,40
2.57,0.005734224127323925,681.0469706341079,300.0,40
2.5799999999999996,0.005778924962434381,678.4084622454051,300.0,40
2.59,0.005823903183891833,675.7782709073816,300.0,40
2.5999999999999996,0.005869159466167993,673.156500971285,300.0,40
2.61,0.005914694480209851,670.5432528263322,300.0,40
2.6199999999999997,0.005960508893439587,667.9386229859571,300.0,40
2.63,0.006006603369754979,665.342704172647,300.0,40
2.6399999999999997,0.0060529785695301284,662.7555854013945,300.0,40
2.65,0.006099635149616655,660.1773520617598,300.0,40
2.6599999999999997,0.006146573763345243,657.6080859985683,300.0,40
2.67,0.006193795060527621,655.0478655912436,300.0,40
2.6799999999999997,0.0062412996874588525,652.4967658318008,300.0,40
2.69,0.006289088286920105,649.9548584014943,300.0,40
2.6999999999999997,0.006337161498181676,647.4222117461582,300.0,40
2.71,0.006385519957006464,644.8988911502252,300.0,40
2.7199999999999998,0.006434164295653762,642.3849588094575,300.0,40
2.73,0.0064830951428834025,639.8804739023952,300.0,40
2.7399999999999998,0.006532313123960255,637.3854926605329,300.0,40
2.75,0.006581818860659052,634.9000684372471,300.0,40
2.76,0.00663161297126956,632.42425177548,300.0,40
2.77,0.006681696070602058,629.9580904742007,300.0,40
2.78,0.006732068769993145,627.5016296536537,300.0,40
2.79,0.006782731677311877,625.0549118194094,300.0,40
2.8,0.006833685396966168,622.6179769252374,300.0,40
2.81,0.006884930529909547,620.1908624348074,300.0,40
2.82,0.006936467673648153,617.7736033822425,300.0,40
2.8299999999999996,0.00698829742224808,615.3662324315313,300.0,40
2.84,0.007040420366342965,612.9687799348204,300.0,40
2.8499999999999996,0.007092837093141841,610.5812739895994,300.0,40
2.86,0.00714554818643731,608.2037404947929,300.0,40
2.8699999999999997,0.007198554226613957,605.8362032057743,300.0,40
2.88,0.007251855790657012,603.4786837883203,300.0,40
2.8899999999999997,0.0073054534521612815,601.1312018715158,300.0,40
2.9,0.007359347781340338,598.7937750996276,300.0,40
2.9099999999999997,0.007413539345035925,596.4664191829611,300.0,40
2.92,0.0074680287067276484,594.1491479477135,300.0,40
2.9299999999999997,0.007522816426542836,591.8419733848425,300.0,40
2.94,0.007577903061266674,589.5449056979601,300.0,40
2.9499999999999997,0.007633289164352562,587.2579533502686,300.0,40
2.96,0.00768897528593266,584.9811231105555,300.0,40
2.9699999999999998,0.007744961972828663,582.714420098258,300.0,40
2.98,0.007801249768562794,580.4578478276151,300.0,40
2.9899999999999998,0.007857839213368956,578.2114082509196,300.0,40
3.0,0.007914730844204148,575.9751018008847,300.0,40
0.01,0.005126729622708624,2.963999950068609,600.0,20
0.02,0.005127442210538077,5.927176054561123,600.0,20
0.03,0.005128629957913433,8.888705055982971,600.0,20
0.04,0.005130293016316703,11.847764872216464,600.0,20
0.05,0.005132431597807922,14.80353518224551,600.0,20
0.060000000000000005,0.005135045975010358,17.7551980095286,600.0,20
0.06999999999999999,0.005138136481091508,20.701938302243967,600.0,20
0.08,0.00514170350973988,23.64294450963762,600.0,20
0.09,0.005145747515137521,26.577409153713134,600.0,20
0.09999999999999999,0.00515026901192837,29.50452939551221,600.0,20
0.11,0.005155268575182351,32.42350759524636,600.0,20
0.12,0.005160746840355289,35.33355186555321,600.0,20
0.13,0.00516670450324456,38.233876617165734,600.0,20
0.14,0.005173142319940586,41.123703096297966,600.0,20
0.15000000000000002,0.005180061106774059,44.00225991306945,600.0,20
0.16,0.005187461740259,46.86878356030804,600.0,20
0.17,0.005195345157031598,49.72251892209179,600.0,20
0.18000000000000002,0.005203712353784833,52.56271977141167,600.0,20
0.19,0.005212564387198909,55.38864925635911,600.0,20
0.2,0.005221902373867477,58.19958037426633,600.0,20
0.21000000000000002,0.0052317274902196915,60.994796433251544,600.0,20
0.22,0.005242040972438038,63.77359150064735,600.0,20
0.23,0.005252844116371996,66.53527083781681,600.0,20
0.24000000000000002,0.005264138277447509,69.27915132088843,600.0,20
0.25,0.005275924870572282,72.00456184697028,600.0,20
0.26,0.0052882053700369054,74.71084372543136,600.0,20
0.27,0.005300981309411788,77.39735105386815,600.0,20
0.28,0.005314254281439961,80.06345107840289,600.0,20
0.29000000000000004,0.005328025937925698,82.70852453799192,600.0,20
0.3,0.005342297989618987,85.33196599245136,600.0,20
0.31,0.005357072206095854,87.93318413393875,600.0,20
0.32,0.0053723504156345525,90.5116020816601,600.0,20
0.33,0.0053881345050876125,93.0666576596023,600.0,20
0.34,0.005404426419749782,95.59780365712211,600.0,20
0.35000000000000003,0.0054212281632218026,98.1045080722545,600.0,20
0.36000000000000004,0.005438541797270145,100.58625433763078,600.0,20
0.37,0.005456369441682559,103.0425415289326,600.0,20
0.38,0.005474713274119622,105.47288455583158,600.0,20
0.39,0.005493575529962115,107.87681433540028,600.0,20
0.4,0.005512958502154383,110.25387794800483,600.0,20
0.41000000000000003,0.005532864541043607,112.60363877572078,600.0,20
0.42000000000000004,0.0055532960542150275,114.92567662334106,600.0,20
0.43,0.005574255506323115,117.21958782207288,600.0,20
0.44,0.005595745418918725,119.48498531604668,600.0,20
0.45,0.00561776837027222,121.72149873178695,600.0,20
0.46,0.005640326995192587,123.92877443081994,600.0,20
0.47000000000000003,0.005663423984842565,126.10647554561709,600.0,20
0.48000000000000004,0.005687062086549762,128.25428199909837,600.0,20
0.49,0.005711244103613877,130.37189050793845,600.0,20
0.5,0.0057359728951098705,132.4590145699473,600.0,20
0.51,0.005761251375687266,134.51538443580876,600.0,20
0.52,0.005787082515365527,136.54074706548727,600.0,20
0.53,0.0058134693393254696,138.53486606962957,600.0,20
0.54,0.005840414927696852,140.49752163630302,600.0,20
0.55,0.005867922415342063,142.4285104434326,600.0,20
0.56,0.00589599499163594,144.3276455573127,600.0,20
0.5700000000000001,0.005924635900241773,146.19475631758243,600.0,20
0.5800000000000001,0.005953848438883493,148.02968820906804,600.0,20
0.59,0.005983635959114024,149.83230272090975,600.0,20
0.6,0.006014001866079919,151.6024771933952,600.0,20
0.61,0.006044949618282171,153.34010465294048,600.0,20
0.62,0.006076482727333353,155.04509363565904,600.0,20
0.63,0.006108604757710982,156.7173679999747,600.0,20
0.64,0.0061413193265072415,158.356866728735,600.0,20
0.65,0.006174630103175008,159.96354372129105,600.0,20
0.66,0.00620854080927024,161.53736757601223,600.0,20
0.67,0.006243055218190752,163.07832136370752,600.0,20
0.68,0.0062781771549113834,164.58640239243,600.0,20
0.6900000000000001,0.006313910495715617,166.06162196413803,600.0,20
0.7000000000000001,0.006350259167923644,167.5040051236919,600.0,20
0.7100000000000001,0.006387227149616898,168.9135904006621,600.0,20
0.72,0.0064248184693591354,170.2904295444216,600.0,20
0.73,0.006463037205914042,171.63458725299773,600.0,20
0.74,0.006501887487959399,172.94614089615106,600.0,20
0.75,0.006541373493797856,174.22518023314845,600.0,20
0.76,0.006581499451064367,175.4718071256891,600.0,20
0.77,0.006622269636430218,176.6861352464425,600.0,20
0.78,0.006663688375303827,177.8682897836442,600.0,20
0.79,0.006705760041528221,179.01840714219568,600.0,20
0.8,0.006748489057075274,180.13663464170156,600.0,20
0.81,0.006791879891736768,181.22313021187287,600.0,20
0.8200000000000001,0.006835937062812263,182.27806208571545,600.0,20
0.8300000000000001,0.006880665134793805,183.30160849091467,600.0,20
0.8400000000000001,0.0069260687190475945,184.29395733981494,600.0,20
0.85,0.006972152473492519,185.25530591838879,600.0,20
0.86,0.007018921102275713,186.18586057457262,600.0,20
0.87,0.007066379355445094,187.08583640634225,600.0,20
0.88,0.0071145320286189525,187.95545694988658,600.0,20
0.89,0.007163383962652635,188.79495386822714,600.0,20
0.9,0.007212940043302347,189.60456664062133,600.0,20
0.91,0.007263205200886133,190.38454225307353,600.0,20
0.92,0.00731418440994203,191.13513489026911,600.0,20
0.93,0.007365882688883503,191.8566056292303,600.0,20
0.9400000000000001,0.007418305099652151,192.54922213498585,600.0,20
0.9500000000000001,0.007471456747367752,193.21325835852952,600.0,20
0.9600000000000001,0.007525342779975677,193.84899423733395,600.0,20
0.97,0.007579968387891694,194.4567153986727,600.0,20
0.98,0.0076353388036443075,195.03671286598848,600.0,20
0.99,0.007691459301514509,195.58928276854002,600.0,20
1.0,0.007748335197173152,196.1147260545399,600.0,20
1.01,0.007805971847315869,196.61334820799053,600.0,20
1.02,0.007864374649295668,197.08545896940743,600.0,20
1.03,0.007923549040753205,197.53137206061282,600.0,20
1.04,0.007983500499244763,197.95140491376642,600.0,20
1.05,0.00804423454186806,198.3458784047908,600.0,20
1.06,0.00810575672488585,198.7151165913368,600.0,20
1.07,0.008168072643347395,199.0594464554244,600.0,20
1.08,0.008231187930707925,199.37919765087975,600.0,20
1.09,0.008295108258445967,199.67470225568533,600.0,20
1.1,0.008359839335678807,199.9462945293402,600.0,20
1.11,0.008425386908775943,200.19431067532673,600.0,20
1.12,0.008491756760970706,200.41908860876248,600.0,20
1.1300000000000001,0.008558954711970032,200.62096772931045,600.0,20
1.1400000000000001,0.008626986617562471,200.80028869941026,600.0,20
1.1500000000000001,0.00869585836922447,200.95739322788273,600.0,20
1.1600000000000001,0.008765575893724977,201.09262385895275,600.0,20
1.17,0.008836145152728401,201.2063237667267,600.0,20
1.18,0.008907572142396054,201.29883655514962,600.0,20
1.19,0.008979862892986032,201.37050606346307,600.0,20
1.2,0.009053023468451642,201.42167617717524,600.0,20
1.21,0.009127059966038395,201.45269064454652,600.0,20
1.22,0.009201978515879682,201.4638928985869,600.0,20
1.23,0.00927778528059111,201.45562588455624,600.0,20
1.24,0.009354486454863576,201.42823189295095,600.0,20
1.25,0.009432088265055148,201.38205239795292,600.0,20
1.26,0.009510596968781823,201.31742790131253,600.0,20
1.27,0.009590018854507143,201.23469778163224,600.0,20
1.28,0.00967036024113079,201.13420014900944,600.0,20
1.29,0.0097516274775762,201.01627170499447,600.0,20
1.3,0.00983382694237724,200.88124760781355,600.0,20
1.31,0.009916965043263984,200.7294613428038,600.0,20
1.32,0.010001048216747674,200.5612445979996,600.0,20
1.33,0.010086082927704933,200.37692714480983,600.0,20
1.34,0.01017207566896121,200.17683672371922,600.0,20
1.35,0.010259032960873578,199.96129893494435,600.0,20
1.36,0.010346961350912948,199.73063713397065,600.0,20
1.37,0.010435867413245684,199.4851723318963,600.0,20
1.3800000000000001,0.010525757748314726,199.225223100504,600.0,20
1.3900000000000001,0.010616638982420266,198.9511054819789,600.0,20
1.4000000000000001,0.010708517767300061,198.66313290319036,600.0,20
1.4100000000000001,0.010801400779709282,198.36161609445418,600.0,20
1.42,0.01089529472100025,198.04686301268384,600.0,20
1.43,0.010990206316701782,197.7191787688476,600.0,20
1.44,0.011086142316098417,197.37886555963783,600.0,20
1.45,0.011183109491809532,197.0262226032627,600.0,20
1.46,0.0112811146393683,196.6615460792693,600.0,20
1.47,0.011380164576800736,196.28512907230208,600.0,20
1.48,0.01148026614420464,195.8972615197071,600.0,20
1.49,0.011581426203328717,195.49823016288454,600.0,20
1.5,0.011683651637151796,195.08831850229612,600.0,20
1.51,0.011786949349462224,194.66780675603349,600.0,20
1.52,0.011891326264437462,194.2369718218522,600.0,20
1.53,0.011996789326224057,193.79608724257534,600.0,20
1.54,0.012103345498517841,193.34542317477477,600.0,20
1.55,0.012211001764144597,192.88524636063354,600.0,20
1.56,0.012319765124641125,192.41582010289648,600.0,20
1.57,0.012429642599836779,191.93740424281683,600.0,20
1.58,0.012540641227435574,191.45025514100385,600.0,20
1.59,0.012652768062598884,190.9546256610814,600.0,20
1.6,0.012766030177528703,190.4507651560667,600.0,20
1.61,0.012880434661051704,189.93891945737673,600.0,20
1.62,0.012995988618203903,189.41933086637636,600.0,20
1.6300000000000001,0.013112699169816198,188.89223814837726,600.0,20
1.6400000000000001,0.01323057345210069,188.35787652900203,600.0,20
1.6500000000000001,0.013349618616237888,187.81647769282748,600.0,20
1.6600000000000001,0.013469841827964816,187.26826978422258,600.0,20
1.6700000000000002,0.01359125026716413,186.71347741029717,600.0,20
1.68,0.01371385112745418,186.15232164588025,600.0,20
1.69,0.013837651615780202,185.58502004044695,600.0,20
1.7,0.013962658952006579,185.01178662691424,600.0,20
1.71,0.014088880368510186,184.43283193223039,600.0,20
1.72,0.014216323109775057,183.84836298967733,600.0,20
1.73,0.014344994431988174,183.258583352816,600.0,20
1.74,0.014474901602636602,182.6636931109983,600.0,20
1.75,0.014606051900105872,182.06388890637572,600.0,20
1.76,0.014738452613279784,181.4593639523335,600.0,20
1.77,0.014872111041141632,180.85030805328202,600.0,20
1.78,0.015007034492376769,180.23690762573995,600.0,20
1.79,0.015143230284976767,179.61934572064135,600.0,20
1.8,0.01528070574584505,178.99780204680525,600.0,20
1.81,0.015419468210404085,178.3724529955043,600.0,20
1.82,0.0155595250222042,177.74347166607257,600.0,20
1.83,0.01570088353253399,177.1110278924937,600.0,20
1.84,0.015843551100032507,176.47528827091102,600.0,20
1.85,0.01598753509030303,175.83641618800578,600.0,20
1.86,0.01613284287552869,175.19457185018732,600.0,20
1.87,0.01627948183408983,174.5499123135443,600.0,20
1.8800000000000001,0.01642745935018321,173.90259151450465,600.0,20
1.8900000000000001,0.016576782813443085,173.25276030115523,600.0,20
1.9000000000000001,0.016727459618564092,172.60056646517413,600.0,20
1.9100000000000001,0.016879497164926198,171.94615477432689,600.0,20
1.9200000000000002,0.017032902856221475,171.2896670054841,600.0,20
1.93,0.017187684100082975,170.63124197811504,600.0,20
1.94,0.01734384830771551,169.9710155882169,600.0,20
1.95,0.01750140289352863,169.30912084263645,600.0,20
1.96,0.017660355274771593,168.6456878937476,600.0,20
1.97,0.0178207128711704,167.9808440744463,600.0,20
1.98,0.017982483104567112,167.314713933424,600.0,20
1.99,0.01814567339856129,166.6474192706873,600.0,20
2.0,0.018310291178153533,165.9790791732892,600.0,20
2.01,0.018476343869391412,165.30981005123786,600.0,20
2.02,0.018643838899017558,164.63972567355322,600.0,20
2.03,0.018812783694120008,163.96893720444098,600.0,20
2.04,0.018983185681784972,163.2975532395539,600.0,20
2.05,0.019155052288751848,162.62567984231399,600.0,20
2.0599999999999996,0.0193283909410706,161.95342058026884,600.0,20
2.07,0.01950320906376157,161.28087656145547,600.0,20
2.0799999999999996,0.019679514080477637,160.60814647074864,600.0,20
2.09,0.01985731341316882,159.93532660617004,600.0,20
2.0999999999999996,0.02003661448174938,159.26251091513484,600.0,20
2.11,0.020217424703767355,158.58979103061628,600.0,20
2.1199999999999997,0.020399751494076496,157.917256307207,600.0,20
2.13,0.020583602264511017,157.24499385705658,600.0,20
2.1399999999999997,0.020768984423562422,156.57308858567072,600.0,20
2.15,0.02095590537605937,155.9016232275491,600.0,20
2.1599999999999997,0.02114437252284967,155.23067838165127,600.0,20
2.17,0.02133439326048528,154.56033254666931,600.0,20
2.1799999999999997,0.02152597498090951,153.89066215609733,600.0,20
2.19,0.021719125071147174,153.22174161307967,600.0,20
2.1999999999999997,0.021913850912997197,152.55364332502722,600.0,20
2.21,0.02211015988272798,151.88643773798785,600.0,20
2.2199999999999998,0.022308059350775303,151.2201933707605,600.0,20
2.23,0.022507556681443056,150.5549768487402,600.0,20
2.2399999999999998,0.022708659232606575,149.89085293748488,600.0,20
2.25,0.02291137435541877,149.22788457599373,600.0,20
2.26,0.02311570939401887,148.5661329096883,600.0,20
2.27,0.023321671685243968,147.90565732308815,600.0,20
2.28,0.023529268558343322,147.24651547217178,600.0,20
2.29,0.023738507334695402,146.58876331641767,600.0,20
2.3,0.023949395327527653,145.9324551505171,600.0,20
2.31,0.024161939841639134,145.27764363575318,600.0,20
2.32,0.02437614817312586,144.62437983104056,600.0,20
2.3299999999999996,0.024592027609108984,143.97271322362042,600.0,20
2.34,0.02480958542746576,143.32269175940604,600.0,20
2.3499999999999996,0.025028828896563302,142.67436187297517,600.0,20
2.36,0.025249765274995232,142.0277685172046,600.0,20
2.3699999999999997,0.025472401811321054,141.38295519254464,600.0,20
2.38,0.025696745743808477,140.73996397592936,600.0,20
2.3899999999999997,0.025922804300178418,140.09883554932168,600.0,20
2.4,0.02615058469735297,139.45960922788936,600.0,20
2.4099999999999997,0.02638009414120617,138.82232298781133,600.0,20
2.42,0.02661133982631769,138.18701349371193,600.0,20
2.4299999999999997,0.026844328935729158,137.55371612572372,600.0,20
2.44,0.027079068640703686,136.92246500617506,600.0,20
2.4499999999999997,0.02731556610048781,136.2932930259059,600.0,20
2.46,0.027553828462076792,135.6662318702067,600.0,20
2.4699999999999998,0.027793862859982348,135.0413120443855,600.0,20
2.48,0.028035676416003474,134.4185628989602,600.0,20
2.4899999999999998,0.028279276239000055,133.79801265447705,600.0,20
2.5,0.028524669424669354,133.17968842595766,600.0,20
2.51,0.028771863055325392,132.56361624697345,600.0,20
2.52,0.029020864199681126,131.94982109335075,600.0,20
2.53,0.02927167991263346,131.33832690650658,600.0,20
2.54,0.029524317235051296,130.72915661641696,600.0,20
2.55,0.029778783193566156,130.12233216422052,600.0,20
2.56,0.03003508480036595,129.5178745244578,600.0,20
2.57,0.030293229052991345,128.91580372694995,600.0,20
2.5799999999999996,0.030553222934135083,128.31613887831818,600.0,20
2.59,0.030815073411444273,127.7188981831459,600.0,20
2.5999999999999996,0.031078787437325155,127.12409896478826,600.0,20
2.61,0.03134437194875114,126.53175768582867,600.0,20
2.6199999999999997,0.03161183386707327,125.94188996818822,600.0,20
2.63,0.031881180097833924,125.35451061288786,600.0,20
2.6399999999999997,0.03215241753058278,124.76963361946991,600.0,20
2.65,0.03242555303869623,124.18727220507789,600.0,20
2.6599999999999997,0.03270059347919899,123.60743882320183,600.0,20
2.67,0.03297754569258901,123.03014518208921,600.0,20
2.6799999999999997,0.03325641650266472,122.4554022628271,600.0,20
2.69,0.03353721271635549,121.88322033709717,600.0,20
2.6999999999999997,0.03381994112355449,121.31360898460868,600.0,20
2.71,0.03410460849695452,120.74657711021173,600.0,20
2.7199999999999998,0.03439122159188653,120.18213296069477,600.0,20
2.73,0.03467978714616088,119.6202841412706,600.0,20
2.7399999999999998,0.03497031187991138,119.06103763175312,600.0,20
2.75,0.03526280249544195,118.50439980243048,600.0,20
2.76,0.035557265677076094,117.95037642963649,600.0,20
2.77,0.0358537080910091,117.39897271102527,600.0,20
2.78,0.036152136385162674,116.85019328055286,600.0,20
2.79,0.03645255718904274,116.30404222316847,600.0,20
2.8,0.036754977113599346,115.76052308922118,600.0,20
2.81,0.03705940275108971,115.2196389085839,600.0,20
2.82,0.03736584067494352,114.6813922045001,600.0,20
2.8299999999999996,0.03767429743963123,114.14578500715572,600.0,20
2.84,0.03798477958053469,113.61281886698157,600.0,20
2.8499999999999996,0.038297293613820484,113.08249486768895,600.0,20
2.86,0.038611846036315914,112.5548136390429,600.0,20
2.8699999999999997,0.03892844332538754,112.02977536937671,600.0,20
2.88,0.03924709193882217,111.50737981785204,600.0,20
2.8899999999999997,0.039567798314710655,110.98762632646722,600.0,20
2.9,0.03989056887133394,110.47051383181964,600.0,20
2.9099999999999997,0.04021541000705178,109.95604087662385,600.0,20
2.92,0.04054232810019418,109.4442056209901,600.0,20
2.9299999999999997,0.040871329508954765,108.93500585346834,600.0,20
2.94,0.04120242057128723,108.42843900185868,600.0,20
2.9499999999999997,0.041535607604803966,107.92450214379437,600.0,20
2.96,0.041870896906677176,107.42319201710026,600.0,20
2.9699999999999998,0.04220829475354237,106.92450502993015,600.0,20
2.98,0.042547807401404486,106.42843727068676,600.0,20
2.9899999999999998,0.0428894410855461,105.93498451772868,600.0,20
3.0,0.04323320202043843,105.44414224886637,600.0,20
0.01,0.002563364811354312,5.927999900137218,600.0,40
0.02,0.0025637211052690384,11.854352109122246,600.0,40
0.03,0.0025643149789567163,17.777410111965942,600.0,40
0.04,0.0025651465081583517,23.69552974443293,600.0,40
0.05,0.002566215798903961,29.60707036449102,600.0,40
0.060000000000000005,0.002567522987505179,35.5103960190572,600.0,40
0.06999999999999999,0.002569068240545754,41.403876604487934,600.0,40
0.08,0.00257085175486994,47.28588901927524,600.0,40
0.09,0.0025728737575687606,53.15481830742627,600.0,40
0.09999999999999999,0.002575134505964185,59.00905879102442,600.0,40
0.11,0.0025776342875911754,64.84701519049273,600.0,40
0.12,0.0025803734201776444,70.66710373110642,600.0,40
0.13,0.00258335225162228,76.46775323433147,600.0,40
0.14,0.002586571159970293,82.24740619259593,600.0,40
0.15000000000000002,0.0025900305533870295,88.0045198261389,600.0,40
0.16,0.0025937308701295,93.73756712061608,600.0,40
0.17,0.002597672578515799,99.44503784418357,600.0,40
0.18000000000000002,0.0026018561768924166,105.12543954282334,600.0,40
0.19,0.0026062821935994543,110.77729851271822,600.0,40
0.2,0.0026109511869337387,116.39916074853267,600.0,40
0.21000000000000002,0.0026158637451098457,121.98959286650309,600.0,40
0.22,0.002621020486219019,127.5471830012947,600.0,40
0.23,0.002626422058185998,133.07054167563362,600.0,40
0.24000000000000002,0.0026320691387237546,138.55830264177686,600.0,40
0.25,0.002637962435286141,144.00912369394055,600.0,40
0.26,0.0026441026850184527,149.42168745086272,600.0,40
0.27,0.002650490654705894,154.7947021077363,600.0,40
0.28,0.0026571271407199804,160.12690215680578,600.0,40
0.29000000000000004,0.002664012968962849,165.41704907598384,600.0,40
0.3,0.0026711489948094934,170.66393198490272,600.0,40
0.31,0.002678536103047927,175.8663682678775,600.0,40
0.32,0.0026861752078172763,181.0232041633202,600.0,40
0.33,0.0026940672525438063,186.1333153192046,600.0,40
0.34,0.002702213209874891,191.19560731424423,600.0,40
0.35000000000000003,0.0027106140816109013,196.209016144509,600.0,40
0.36000000000000004,0.0027192708986350724,201.17250867526155,600.0,40
0.37,0.0027281847208412797,206.0850830578652,600.0,40
0.38,0.002737356637059811,210.94576911166317,600.0,40
0.39,0.0027467877649810573,215.75362867080057,600.0,40
0.4,0.0027564792510771916,220.50775589600966,600.0,40
0.41000000000000003,0.0027664322705218034,225.20727755144156,600.0,40
0.42000000000000004,0.0027766480271075138,229.85135324668212,600.0,40
0.43,0.0027871277531615573,234.43917564414576,600.0,40
0.44,0.0027978727094593626,238.96997063209335,600.0,40
0.45,0.00280888418513611,243.4429974635739,600.0,40
0.46,0.0028201634975962937,247.85754886163988,600.0,40
0.47000000000000003,0.0028317119924212825,252.21295109123417,600.0,40
0.48000000000000004,0.002843531043274881,256.50856399819673,600.0,40
0.49,0.0028556220518069384,260.7437810158769,600.0,40
0.5,0.0028679864475549353,264.9180291398946,600.0,40
0.51,0.002880625687843633,269.0307688716175,600.0,40
0.52,0.0028935412576827635,273.08149413097453,600.0,40
0.53,0.0029067346696627348,277.06973213925914,600.0,40
0.54,0.002920207463848426,280.99504327260604,600.0,40
0.55,0.0029339612076710315,284.8570208868652,600.0,40
0.56,0.00294799749581797,288.6552911146254,600.0,40
0.5700000000000001,0.0029623179501208864,292.38951263516486,600.0,40
0.5800000000000001,0.0029769242194417466,296.0593764181361,600.0,40
0.59,0.002991817979557012,299.6646054418195,600.0,40
0.6,0.0030070009330399597,303.2049543867904,600.0,40
0.61,0.0030224748091410856,306.68020930588096,600.0,40
0.62,0.0030382413636666763,310.0901872713181,600.0,40
0.63,0.003054302378855491,313.4347359999494,600.0,40
0.64,0.0030706596632536208,316.71373345747,600.0,40
0.65,0.003087315051587504,319.9270874425821,600.0,40
0.66,0.00310427040463512,323.07473515202446,600.0,40
0.67,0.003121527609095376,326.15664272741503,600.0,40
0.68,0.0031390885774556917,329.17280478486,600.0,40
0.6900000000000001,0.0031569552478578084,332.12324392827605,600.0,40
0.7000000000000001,0.003175129583961822,335.0080102473838,600.0,40
0.7100000000000001,0.003193613574808449,337.8271808013242,600.0,40
0.72,0.0032124092346795677,340.5808590888432,600.0,40
0.73,0.003231518602957021,343.26917450599547,600.0,40
0.74,0.0032509437439796995,345.89228179230213,600.0,40
0.75,0.003270686746898928,348.4503604662969,600.0,40
0.76,0.0032907497255321833,350.9436142513782,600.0,40
0.77,0.003311134818215109,353.372270492885,600.0,40
0.78,0.0033318441876519136,355.7365795672884,600.0,40
0.79,0.0033528800207641104,358.03681428439137,600.0,40
0.8,0.003374244528537637,360.2732692834031,600.0,40
0.81,0.003395939945868384,362.44626042374574,600.0,40
0.8200000000000001,0.0034179685314061313,364.5561241714309,600.0,40
0.8300000000000001,0.0034403325673969024,366.60321698182935,600.0,40
0.8400000000000001,0.0034630343595237973,368.5879146796299,600.0,40
0.85,0.0034860762367462596,370.51061183677757,600.0,40
0.86,0.0035094605511378565,372.37172114914523,600.0,40
0.87,0.003533189677722547,374.1716728126845,600.0,40
0.88,0.0035572660143094762,375.91091389977316,600.0,40
0.89,0.0035816919813263176,377.5899077364543,600.0,40
0.9,0.0036064700216511736,379.20913328124266,600.0,40
0.91,0.0036316026004430666,380.76908450614707,600.0,40
0.92,0.003657092204971015,382.27026978053823,600.0,40
0.93,0.0036829413444417515,383.7132112584606,600.0,40
0.9400000000000001,0.0037091525498260756,385.0984442699717,600.0,40
0.9500000000000001,0.003735728373683876,386.42651671705903,600.0,40
0.9600000000000001,0.0037626713899878384,387.6979884746679,600.0,40
0.97,0.003789984193945847,388.9134307973454,600.0,40
0.98,0.0038176694018221538,390.07342573197695,600.0,40
0.99,0.0038457296507572545,391.17856553708003,600.0,40
1.0,0.003874167598586576,392.2294521090798,600.0,40
1.01,0.0039029859236579343,393.22669641598105,600.0,40
1.02,0.003932187324647834,394.17091793881485,600.0,40
1.03,0.003961774520376602,395.06274412122565,600.0,40
1.04,0.003991750249622381,395.90280982753285,600.0,40
1.05,0.00402211727093403,396.6917568095816,600.0,40
1.06,0.004052878362442925,397.4302331826736,600.0,40
1.07,0.004084036321673697,398.1188929108488,600.0,40
1.08,0.004115593965353962,398.7583953017595,600.0,40
1.09,0.004147554129222983,399.34940451137066,600.0,40
1.1,0.004179919667839403,399.8925890586804,600.0,40
1.11,0.004212693454387972,400.38862135065347,600.0,40
1.12,0.004245878380485353,400.83817721752496,600.0,40
1.1300000000000001,0.004279477355985016,401.2419354586209,600.0,40
1.1400000000000001,0.004313493308781236,401.6005773988205,600.0,40
1.1500000000000001,0.004347929184612235,401.91478645576547,600.0,40
1.1600000000000001,0.0043827879468624886,402.1852477179055,600.0,40
1.17,0.004418072576364201,402.4126475334534,600.0,40
1.18,0.004453786071198027,402.59767311029924,600.0,40
1.19,0.004489931446493016,402.74101212692614,600.0,40
1.2,0.004526511734225821,402.8433523543505,600.0,40
1.21,0.0045635299830191975,402.90538128909304,600.0,40
1.22,0.004600989257939841,402.9277857971738,600.0,40
1.23,0.004638892640295555,402.9112517691125,600.0,40
1.24,0.004677243227431788,402.8564637859019,600.0,40
1.25,0.004716044132527574,402.76410479590584,600.0,40
1.26,0.004755298484390912,402.63485580262505,600.0,40
1.27,0.004795009427253571,402.46939556326447,600.0,40
1.28,0.004835180120565395,402.2684002980189,600.0,40
1.29,0.0048758137387881,402.03254340998893,600.0,40
1.3,0.00491691347118862,401.7624952156271,600.0,40
1.31,0.004958482521631992,401.4589226856076,600.0,40
1.32,0.005000524108373837,401.1224891959992,600.0,40
1.33,0.005043041463852467,400.75385428961965,600.0,40
1.34,0.005086037834480605,400.35367344743844,600.0,40
1.35,0.005129516480436789,399.9225978698887,600.0,40
1.36,0.005173480675456474,399.4612742679413,600.0,40
1.37,0.005217933706622842,398.9703446637926,600.0,40
1.3800000000000001,0.005262878874157363,398.450446201008,600.0,40
1.3900000000000001,0.005308319491210133,397.9022109639578,600.0,40
1.4000000000000001,0.0053542588836500305,397.3262658063807,600.0,40
1.4100000000000001,0.005400700389854641,396.72323218890836,600.0,40
1.42,0.005447647360500125,396.0937260253677,600.0,40
1.43,0.005495103158350891,395.4383575376952,600.0,40
1.44,0.005543071158049208,394.75773111927566,600.0,40
1.45,0.005591554745904766,394.0524452065254,600.0,40
1.46,0.00564055731968415,393.3230921585386,600.0,40
1.47,0.005690082288400368,392.57025814460417,600.0,40
1.48,0.00574013307210232,391.7945230394142,600.0,40
1.49,0.005790713101664359,390.9964603257691,600.0,40
1.5,0.005841825818575898,390.17663700459224,600.0,40
1.51,0.005893474674731112,389.33561351206697,600.0,40
1.52,0.005945663132218731,388.4739436437044,600.0,40
1.53,0.005998394663112029,387.5921744851507,600.0,40
1.54,0.006051672749258921,386.69084634954953,600.0,40
1.55,0.006105500882072299,385.7704927212671,600.0,40
1.56,0.006159882562320563,384.83164020579295,600.0,40
1.57,0.006214821299918389,383.87480848563365,600.0,40
1.58,0.006270320613717787,382.9005102820077,600.0,40
1.59,0.006326384031299442,381.9092513221628,600.0,40
1.6,0.0063830150887643515,380.9015303121334,600.0,40
1.61,0.006440217330525852,379.87783891475345,600.0,40
1.62,0.0064979943091019515,378.8386617327527,600.0,40
1.6300000000000001,0.006556349584908099,377.7844762967545,600.0,40
1.6400000000000001,0.006615286726050345,376.71575305800405,600.0,40
1.6500000000000001,0.006674809308118944,375.63295538565495,600.0,40
1.6600000000000001,0.006734920913982408,374.53653956844516,600.0,40
1.6700000000000002,0.006795625133582065,373.42695482059435,600.0,40
1.68,0.00685692556372709,372.3046432917605,600.0,40
1.69,0.006918825807890101,371.1700400808939,600.0,40
1.7,0.006981329476003289,370.0235732538285,600.0,40
1.71,0.007044440184255093,368.86566386446077,600.0,40
1.72,0.007108161554887528,367.69672597935465,600.0,40
1.73,0.007172497215994087,366.517166705632,600.0,40
1.74,0.007237450801318301,365.3273862219966,600.0,40
1.75,0.007303025950052936,364.12777781275145,600.0,40
1.76,0.007369226306639892,362.918727904667,600.0,40
1.77,0.007436055520570816,361.70061610656404,600.0,40
1.78,0.007503517246188384,360.4738152514799,600.0,40
1.79,0.007571615142488383,359.2386914412827,600.0,40
1.8,0.007640352872922525,357.9956040936105,600.0,40
1.81,0.007709734105202043,356.7449059910086,600.0,40
1.82,0.0077797625111021,355.48694333214513,600.0,40
1.83,0.007850441766266996,354.2220557849874,600.0,40
1.84,0.007921775550016254,352.95057654182204,600.0,40
1.85,0.007993767545151515,351.67283237601157,600.0,40
1.86,0.008066421437764345,350.38914370037463,600.0,40
1.87,0.008139740917044915,349.0998246270886,600.0,40
1.8800000000000001,0.008213729675091605,347.8051830290093,600.0,40
1.8900000000000001,0.008288391406721543,346.50552060231047,600.0,40
1.9000000000000001,0.008363729809282046,345.20113293034825,600.0,40
1.9100000000000001,0.008439748582463099,343.89230954865377,600.0,40
1.9200000000000002,0.008516451428110737,342.5793340109682,600.0,40
1.93,0.008593842050041487,341.2624839562301,600.0,40
1.94,0.008671924153857756,339.9420311764338,600.0,40
1.95,0.008750701446764314,338.6182416852729,600.0,40
1.96,0.008830177637385797,337.2913757874952,600.0,40
1.97,0.0089103564355852,335.9616881488926,600.0,40
1.98,0.008991241552283556,334.629427866848,600.0,40
1.99,0.009072836699280645,333.2948385413746,600.0,40
2.0,0.009155145589076766,331.9581583465784,600.0,40
2.01,0.009238171934695706,330.6196201024757,600.0,40
2.02,0.009321919449508779,329.27945134710643,600.0,40
2.03,0.009406391847060004,327.93787440888195,600.0,40
2.04,0.009491592840892486,326.5951064791078,600.0,40
2.05,0.009577526144375924,325.25135968462797,600.0,40
2.0599999999999996,0.0096641954705353,323.9068411605377,600.0,40
2.07,0.009751604531880785,322.56175312291094,600.0,40
2.0799999999999996,0.009839757040238819,321.2162929414973,600.0,40
2.09,0.00992865670658441,319.8706532123401,600.0,40
2.0999999999999996,0.01001830724087469,318.5250218302697,600.0,40
2.11,0.010108712351883677,317.17958206123257,600.0,40
2.1199999999999997,0.010199875747038248,315.834512614414,600.0,40
2.13,0.010291801132255508,314.48998771411317,600.0,40
2.1399999999999997,0.010384492211781211,313.14617717134144,600.0,40
2.15,0.010477952688029686,311.8032464550982,600.0,40
2.1599999999999997,0.010572186261424836,310.46135676330255,600.0,40
2.17,0.01066719663024264,309.12066509333863,600.0,40
2.1799999999999997,0.010762987490454755,307.78132431219467,600.0,40
2.19,0.010859562535573587,306.44348322615934,600.0,40
2.1999999999999997,0.010956925456498599,305.10728665005445,600.0,40
2.21,0.01105507994136399,303.7728754759757,600.0,40
2.2199999999999998,0.011154029675387651,302.440386741521,600.0,40
2.23,0.011253778340721528,301.1099536974804,600.0,40
2.2399999999999998,0.011354329616303288,299.78170587496976,600.0,40
2.25,0.011455687177709385,298.45576915198745,600.0,40
2.26,0.011557854697009436,297.1322658193766,600.0,40
2.27,0.011660835842621984,295.8113146461763,600.0,40
2.28,0.011764634279171661,294.49303094434356,600.0,40
2.29,0.011869253667347701,293.17752663283534,600.0,40
2.3,0.011974697663763826,291.8649103010342,600.0,40
2.31,0.012080969920819567,290.55528727150636,600.0,40
2.32,0.01218807408656293,289.2487596620811,600.0,40
2.3299999999999996,0.012296013804554492,287.94542644724083,600.0,40
2.34,0.01240479271373288,286.6453835188121,600.0,40
2.3499999999999996,0.012514414448281651,285.34872374595034,600.0,40
2.36,0.012624882637497616,284.0555370344092,600.0,40
2.3699999999999997,0.012736200905660527,282.7659103850893,600.0,40
2.38,0.012848372871904238,281.4799279518587,600.0,40
2.3899999999999997,0.012961402150089209,280.19767109864335,600.0,40
2.4,0.013075292348676486,278.9192184557787,600.0,40
2.4099999999999997,0.013190047070603086,277.64464597562267,600.0,40
2.42,0.013305669913158845,276.37402698742386,600.0,40
2.4299999999999997,0.013422164467864579,275.10743225144745,600.0,40
2.44,0.013539534320351843,273.8449300123501,600.0,40
2.4499999999999997,0.013657783050243904,272.5865860518118,600.0,40
2.46,0.013776914231038396,271.3324637404134,600.0,40
2.4699999999999998,0.013896931429991174,270.082624088771,600.0,40
2.48,0.014017838208001737,268.8371257979204,600.0,40
2.4899999999999998,0.014139638119500027,267.5960253089541,600.0,40
2.5,0.014262334712334677,266.35937685191533,600.0,40
2.51,0.014385931527662696,265.1272324939469,600.0,40
2.52,0.014510432099840563,263.8996421867015,600.0,40
2.53,0.01463583995631673,262.67665381301316,600.0,40
2.54,0.014762158617525648,261.4583132328339,600.0,40
2.55,0.014889391596783078,260.24466432844105,600.0,40
2.56,0.015017542400182975,259.0357490489156,600.0,40
2.57,0.015146614526495673,257.8316074538999,600.0,40
2.5799999999999996,0.015276611467067542,256.63227775663637,600.0,40
2.59,0.015407536705722136,255.4377963662918,600.0,40
2.5999999999999996,0.015539393718662578,254.24819792957652,600.0,40
2.61,0.01567218597437557,253.06351537165733,600.0,40
2.6199999999999997,0.015805916933536637,251.88377993637644,600.0,40
2.63,0.015940590048916962,250.70902122577573,600.0,40
2.6399999999999997,0.01607620876529139,249.53926723893983,600.0,40
2.65,0.016212776519348115,248.37454441015578,600.0,40
2.6599999999999997,0.016350296739599497,247.21487764640366,600.0,40
2.67,0.016488772846294505,246.06029036417843,600.0,40
2.6799999999999997,0.01662820825133236,244.9108045256542,600.0,40
2.69,0.016768606358177746,243.76644067419434,600.0,40
2.6999999999999997,0.016909970561777246,242.62721796921736,600.0,40
2.71,0.01705230424847726,241.49315422042346,600.0,40
2.7199999999999998,0.017195610795943266,240.36426592138955,600.0,40
2.73,0.01733989357308044,239.2405682825412,600.0,40
2.7399999999999998,0.01748515593995569,238.12207526350625,600.0,40
2.75,0.017631401247720974,237.00879960486097,600.0,40
2.76,0.017778632838538047,235.90075285927298,600.0,40
2.77,0.01792685404550455,234.79794542205053,600.0,40
2.78,0.018076068192581337,233.70038656110572,600.0,40
2.79,0.01822627859452137,232.60808444633693,600.0,40
2.8,0.018377488556799673,231.52104617844236,600.0,40
2.81,0.018529701375544855,230.4392778171678,600.0,40
2.82,0.01868292033747176,229.3627844090002,600.0,40
2.8299999999999996,0.018837148719815615,228.29157001431145,600.0,40
2.84,0.018992389790267346,227.22563773396314,600.0,40
2.8499999999999996,0.019148646806910242,226.1649897353779,600.0,40
2.86,0.019305923018157957,225.1096272780858,600.0,40
2.8699999999999997,0.01946422166269377,224.05955073875342,600.0,40
2.88,0.019623545969411085,223.01475963570408,600.0,40
2.8899999999999997,0.019783899157355327,221.97525265293444,600.0,40
2.9,0.01994528443566697,220.9410276636393,600.0,40
2.9099999999999997,0.02010770500352589,219.9120817532477,600.0,40
2.92,0.02027116405009709,218.8884112419802,600.0,40
2.9299999999999997,0.020435664754477383,217.87001170693668,600.0,40
2.94,0.020601210285643615,216.85687800371736,600.0,40
2.9499999999999997,0.020767803802401983,215.84900428758874,600.0,40
2.96,0.020935448453338588,214.84638403420053,600.0,40
2.9699999999999998,0.021104147376771184,213.8490100598603,600.0,40
2.98,0.021273903700702243,212.85687454137351,600.0,40
2.9899999999999998,0.02144472054277305,211.86996903545736,600.0,40
3.0,0.021616601010219214,210.88828449773274,600.0,40
